,images,Coin
0,$pac.png,$PAC
1,0xbtc.png,0XBTC
2,1inch.png,1INCH
3,2give.png,2GIVE
4,AXS.png,AXS
5,BUSD.png,BUSD
6,CAKE.png,CAKE
7,CRO.png,CRO
8,EGLD.png,EGLD
9,ENS.png,ENS
10,FLOW.png,FLOW
11,FRAX.png,FRAX
12,FTM.png,FTM
13,FXS.png,FXS
14,GALA.png,GALA
15,HBAR.png,HBAR
16,IMX.png,IMX
17,INJ.png,INJ
18,KLAY.png,KLAY
19,MINA.png,MINA
20,NEAR.png,NEAR
21,OKB.png,OKB
22,OP.png,OP
23,SHIB.png,SHIB
24,STETH.png,STETH
25,USDP.png,USDP
26,XCH.png,XCH
27,aave.png,AAVE
28,abt.png,ABT
29,act.png,ACT
30,actn.png,ACTN
31,ada.png,ADA
32,add.png,ADD
33,adx.png,ADX
34,ae.png,AE
35,aeon.png,AEON
36,aeur.png,AEUR
37,agi.png,AGI
38,agrs.png,AGRS
39,aion.png,AION
40,algo.png,ALGO
41,amb.png,AMB
42,amp.png,AMP
43,ampl.png,AMPL
44,ankr.png,ANKR
45,ant.png,ANT
46,ape.png,APE
47,apex.png,APEX
48,appc.png,APPC
49,apt.jpg,APT
50,arb.png,ARB
51,ardr.png,ARDR
52,arg.png,ARG
53,ark.png,ARK
54,arn.png,ARN
55,arnx.png,ARNX
56,ary.png,ARY
57,ast.png,AST
58,atlas.png,ATLAS
59,atm.png,ATM
60,atom.png,ATOM
61,audr.png,AUDR
62,aury.png,AURY
63,auto.png,AUTO
64,avax.png,AVAX
65,aywa.png,AYWA
66,bab.png,BAB
67,bal.png,BAL
68,band.png,BAND
69,bat.png,BAT
70,bay.png,BAY
71,bcbc.png,BCBC
72,bcc.png,BCC
73,bcd.png,BCD
74,bch.png,BCH
75,bcio.png,BCIO
76,bcn.png,BCN
77,bco.png,BCO
78,bcpt.png,BCPT
79,bdl.png,BDL
80,beam.png,BEAM
81,bela.png,BELA
82,bit.png,BIT
83,bix.png,BIX
84,blcn.png,BLCN
85,blk.png,BLK
86,block.png,BLOCK
87,blur.png,BLUR
88,blz.png,BLZ
89,bnb.png,BNB
90,bnt.png,BNT
91,bnty.png,BNTY
92,booty.png,BOOTY
93,bos.png,BOS
94,bpt.png,BPT
95,bq.png,BQ
96,brd.png,BRD
97,bsd.png,BSD
98,bsv.png,BSV
99,btc.png,BTC
100,btcd.png,BTCD
101,btch.png,BTCH
102,btcp.png,BTCP
103,btcz.png,BTCZ
104,btdx.png,BTDX
105,btg.png,BTG
106,btm.png,BTM
107,bts.png,BTS
108,btt.png,BTT
109,btx.png,BTX
110,burst.png,BURST
111,bze.png,BZE
112,call.png,CALL
113,cbeth.png,CBETH
114,cc.png,CC
115,cdn.png,CDN
116,cdt.png,CDT
117,cenz.png,CENZ
118,cfx.png,CFX
119,chain.png,CHAIN
120,chat.png,CHAT
121,chips.png,CHIPS
122,chsb.png,CHSB
123,chz.png,CHZ
124,cix.png,CIX
125,clam.png,CLAM
126,cloak.png,CLOAK
127,cmm.png,CMM
128,cmt.png,CMT
129,cnd.png,CND
130,cnx.png,CNX
131,cny.png,CNY
132,cob.png,COB
133,colx.png,COLX
134,comp.png,COMP
135,coqui.png,COQUI
136,cred.png,CRED
137,crpt.png,CRPT
138,crv.png,CRV
139,crw.png,CRW
140,cs.png,CS
141,ctr.png,CTR
142,ctxc.png,CTXC
143,cvc.png,CVC
144,d.png,D
145,dai.png,DAI
146,dash.png,DASH
147,dat.png,DAT
148,data.png,DATA
149,dbc.png,DBC
150,dcn.png,DCN
151,dcr.png,DCR
152,deez.png,DEEZ
153,dent.png,DENT
154,dew.png,DEW
155,dgb.png,DGB
156,dgd.png,DGD
157,dlt.png,DLT
158,dnt.png,DNT
159,dock.png,DOCK
160,doge.png,DOGE
161,dot.png,DOT
162,drgn.png,DRGN
163,drop.png,DROP
164,dta.png,DTA
165,dth.png,DTH
166,dtr.png,DTR
167,dydx.png,DYDX
168,ebst.png,EBST
169,eca.png,ECA
170,edg.png,EDG
171,edgt.jpg,EDGT
172,edo.png,EDO
173,edoge.png,EDOGE
174,ela.png,ELA
175,elec.png,ELEC
176,elf.png,ELF
177,elix.png,ELIX
178,ella.png,ELLA
179,emb.png,EMB
180,emc.png,EMC
181,emc2.png,EMC2
182,eng.png,ENG
183,enj.png,ENJ
184,entrp.png,ENTRP
185,eon.png,EON
186,eop.png,EOP
187,eos.png,EOS
188,eqli.png,EQLI
189,equa.png,EQUA
190,etc.png,ETC
191,eth.png,ETH
192,ethos.png,ETHOS
193,etn.png,ETN
194,etp.png,ETP
195,eur.png,EUR
196,evx.png,EVX
197,exmo.png,EXMO
198,exp.png,EXP
199,fair.png,FAIR
200,fct.png,FCT
201,fida.png,FIDA
202,fil.png,FIL
203,fjc.png,FJC
204,fldc.png,FLDC
205,flo.png,FLO
206,flr.png,FLR
207,flux.png,FLUX
208,fsn.png,FSN
209,ftc.png,FTC
210,fuel.png,FUEL
211,fun.png,FUN
212,game.png,GAME
213,gas.png,GAS
214,gbp.png,GBP
215,gbx.png,GBX
216,gbyte.png,GBYTE
217,generic.png,GENERIC
218,gin.png,GIN
219,glxt.png,GLXT
220,gmr.png,GMR
221,gmt.png,GMT
222,gno.png,GNO
223,gnt.png,GNT
224,gold.png,GOLD
225,grc.png,GRC
226,grin.png,GRIN
227,grs.png,GRS
228,grt.png,GRT
229,gsc.png,GSC
230,gt.png,GT
231,gto.png,GTO
232,gup.png,GUP
233,gusd.png,GUSD
234,gvt.png,GVT
235,gxs.png,GXS
236,gzr.png,GZR
237,hight.png,HIGHT
238,hns.png,HNS
239,hodl.png,HODL
240,hook.png,HOOK
241,hot.png,HOT
242,hpb.png,HPB
243,hsr.png,HSR
244,ht.png,HT
245,html.png,HTML
246,huc.png,HUC
247,husd.png,HUSD
248,hush.png,HUSH
249,icn.png,ICN
250,icp.png,ICP
251,icx.png,ICX
252,ignis.png,IGNIS
253,ilk.png,ILK
254,ink.png,INK
255,ins.png,INS
256,ion.png,ION
257,iop.png,IOP
258,iost.png,IOST
259,iotx.png,IOTX
260,iq.png,IQ
261,itc.png,ITC
262,jnt.png,JNT
263,jpy.png,JPY
264,kcs.png,KCS
265,kin.png,KIN
266,klown.png,KLOWN
267,kmd.png,KMD
268,knc.png,KNC
269,krb.png,KRB
270,ksm.png,KSM
271,lbc.png,LBC
272,ldo.png,LDO
273,lend.png,LEND
274,leo.png,LEO
275,link.png,LINK
276,lkk.png,LKK
277,loom.png,LOOM
278,lpt.png,LPT
279,lrc.png,LRC
280,lsk.png,LSK
281,ltc.png,LTC
282,lun.png,LUN
283,luna.jpg,LUNA
284,lunc.png,LUNC
285,lyxe.jpg,LYXE
286,maid.png,MAID
287,mana.png,MANA
288,matic.png,MATIC
289,max.png,MAX
290,mcap.png,MCAP
291,mco.png,MCO
292,mda.png,MDA
293,mds.png,MDS
294,med.png,MED
295,meetone.png,MEETONE
296,mft.png,MFT
297,miota.png,MIOTA
298,mith.png,MITH
299,mkr.png,MKR
300,mln.png,MLN
301,mnx.png,MNX
302,mnz.png,MNZ
303,moac.png,MOAC
304,mod.png,MOD
305,mona.png,MONA
306,msr.png,MSR
307,mth.png,MTH
308,mtl.png,MTL
309,multi.png,MULTI
310,music.png,MUSIC
311,mx.jpg,MX
312,mzc.png,MZC
313,nano.png,NANO
314,nas.png,NAS
315,nav.png,NAV
316,ncash.png,NCASH
317,ndz.png,NDZ
318,nebl.png,NEBL
319,neo.png,NEO
320,neos.png,NEOS
321,neu.png,NEU
322,nexo.png,NEXO
323,ngc.png,NGC
324,nio.png,NIO
325,nkn.png,NKN
326,nlc2.png,NLC2
327,nlg.png,NLG
328,nmc.png,NMC
329,nmr.png,NMR
330,npxs.png,NPXS
331,ntbc.png,NTBC
332,nuls.png,NULS
333,nxs.png,NXS
334,nxt.png,NXT
335,oax.png,OAX
336,ok.png,OK
337,omg.png,OMG
338,omni.png,OMNI
339,one.png,ONE
340,ong.png,ONG
341,ont.png,ONT
342,oot.png,OOT
343,ost.png,OST
344,ox.png,OX
345,oxt.png,OXT
346,oxy.png,OXY
347,part.png,PART
348,pasc.png,PASC
349,pasl.png,PASL
350,pax.png,PAX
351,paxg.png,PAXG
352,pay.png,PAY
353,payx.png,PAYX
354,pink.png,PINK
355,pirl.png,PIRL
356,pivx.png,PIVX
357,plr.png,PLR
358,poa.png,POA
359,poe.png,POE
360,polis.png,POLIS
361,poly.png,POLY
362,pot.png,POT
363,powr.png,POWR
364,ppc.png,PPC
365,ppp.png,PPP
366,ppt.png,PPT
367,pre.png,PRE
368,prl.png,PRL
369,pungo.png,PUNGO
370,pura.png,PURA
371,qash.png,QASH
372,qiwi.png,QIWI
373,qlc.png,QLC
374,qnt.png,QNT
375,qrl.png,QRL
376,qsp.png,QSP
377,qtf.jpg,QTF
378,qtum.png,QTUM
379,r.png,R
380,rads.png,RADS
381,rap.png,RAP
382,ray.png,RAY
383,rcn.png,RCN
384,rdd.png,RDD
385,rdn.png,RDN
386,ren.png,REN
387,rep.png,REP
388,repv2.png,REPV2
389,req.png,REQ
390,rhoc.png,RHOC
391,ric.png,RIC
392,rise.png,RISE
393,rlc.png,RLC
394,rndr.png,RNDR
395,rpl.jpg,RPL
396,rpx.png,RPX
397,rub.png,RUB
398,rvn.png,RVN
399,ryo.png,RYO
400,safe.png,SAFE
401,safemoon.png,SAFEMOON
402,sai.png,SAI
403,salt.png,SALT
404,san.png,SAN
405,sand.png,SAND
406,sbd.png,SBD
407,sberbank.png,SBERBANK
408,sc.png,SC
409,ser.png,SER
410,shift.png,SHIFT
411,sib.png,SIB
412,sin.png,SIN
413,skl.png,SKL
414,sky.png,SKY
415,slr.png,SLR
416,sls.png,SLS
417,smart.png,SMART
418,sngls.png,SNGLS
419,snm.png,SNM
420,snt.png,SNT
421,snx.png,SNX
422,soc.png,SOC
423,sol.png,SOL
424,sola.jpg,SOLA
425,spacehbit.png,SPACEHBIT
426,spank.png,SPANK
427,sphtx.png,SPHTX
428,srn.png,SRN
429,stak.png,STAK
430,start.png,START
431,steem.png,STEEM
432,stg.png,STG
433,storj.png,STORJ
434,storm.png,STORM
435,stox.png,STOX
436,stq.png,STQ
437,strat.png,STRAT
438,stx.png,STX
439,sub.png,SUB
440,sumo.png,SUMO
441,sushi.png,SUSHI
442,sys.png,SYS
443,taas.png,TAAS
444,tau.png,TAU
445,tbx.png,TBX
446,tel.png,TEL
447,ten.png,TEN
448,tern.png,TERN
449,tgch.png,TGCH
450,theta.png,THETA
451,tix.png,TIX
452,tkn.png,TKN
453,tks.png,TKS
454,tnb.png,TNB
455,tnc.png,TNC
456,tnt.png,TNT
457,tomo.png,TOMO
458,tpay.png,TPAY
459,trig.png,TRIG
460,trtl.png,TRTL
461,trx.png,TRX
462,tusd.png,TUSD
463,twt.png,TWT
464,tzc.png,TZC
465,ubq.png,UBQ
466,uma.png,UMA
467,uni.png,UNI
468,unity.png,UNITY
469,usd.png,USD
470,usdc.png,USDC
471,usdt.png,USDT
472,utk.png,UTK
473,veri.png,VERI
474,vet.png,VET
475,via.png,VIA
476,vib.png,VIB
477,vibe.png,VIBE
478,vivo.png,VIVO
479,vrc.png,VRC
480,vrsc.png,VRSC
481,vtc.png,VTC
482,vtho.png,VTHO
483,wabi.png,WABI
484,wan.png,WAN
485,waves.png,WAVES
486,wax.png,WAX
487,wbtc.png,WBTC
488,wemix.jpg,WEMIX
489,weth.png,WETH
490,wgr.png,WGR
491,wicc.png,WICC
492,wings.png,WINGS
493,wpr.png,WPR
494,wtc.png,WTC
495,x.png,X
496,xas.png,XAS
497,xbc.png,XBC
498,xbp.png,XBP
499,xby.png,XBY
500,xcp.png,XCP
501,xdc.png,XDC
502,xdn.png,XDN
503,xem.png,XEM
504,xin.png,XIN
505,xlm.png,XLM
506,xmcc.png,XMCC
507,xmg.png,XMG
508,xmo.png,XMO
509,xmr.png,XMR
510,xmy.png,XMY
511,xp.png,XP
512,xpa.png,XPA
513,xpm.png,XPM
514,xpr.png,XPR
515,xrd.png,XRD
516,xrp.png,XRP
517,xsg.png,XSG
518,xtz.png,XTZ
519,xuc.png,XUC
520,xvc.png,XVC
521,xvg.png,XVG
522,xzc.png,XZC
523,yfi.png,YFI
524,yoyow.png,YOYOW
525,zcl.png,ZCL
526,zec.png,ZEC
527,zel.png,ZEL
528,zen.png,ZEN
529,zest.png,ZEST
530,zil.png,ZIL
531,zilla.png,ZILLA
532,zrx.png,ZRX
